Property,Room,Requirement,Reference,Effective Date,Expiry Date,Status,Provider,Notes
24 Elm Grove,Whole Property,Gas Safety Certificate (CP12),CP12-88219,2026-02-02,2027-02-01,Current,British Gas,All appliances safe
24 Elm Grove,Whole Property,EICR (5-Year),EC-2024-1102,2024-05-14,2029-05-13,Current,Apex Electrical,Satisfactory condition
24 Elm Grove,Whole Property,Energy Performance (EPC),0981-2241-7712,2021-11-10,2031-11-09,Current,Gov EPC Register,Rating C (72 points)
24 Elm Grove,Whole Property,HMO Licence,HMO-MAN-2023-088,2023-06-01,2028-05-31,Current,Manchester City Council,Max 5 households / 5 occupants
24 Elm Grove,Room 2,Deposit Protection,DPS-1994820,2026-09-14,2026-10-14,Due Soon,Deposit Protection Service,Serve Prescribed Information within 30 days
12 Highfield Road,Whole Property,Gas Safety Certificate (CP12),CP12-76102,2025-09-28,2026-09-27,Due Soon,PlumbRight NW,Annual renewal inspection needed
12 Highfield Road,Whole Property,EICR (5-Year),EC-2022-0901,2022-04-10,2027-04-09,Current,Direct Power Ltd,Commercial grade board
8 Victoria Terrace,Whole Property,Gas Safety Certificate (CP12),CP12-90112,2025-08-15,2026-08-14,Expired,SafeHeat UK,URGENT: Renewal overdue by 27 days
8 Victoria Terrace,Whole Property,HMO Licence,HMO-LIV-2024-019,2024-03-01,2029-02-28,Current,Liverpool City Council,Max 4 occupants
